{
  "schema_version": "0.1",
  "timestamp": "2026-02-06T18:56:09.675935Z",
  "in_path": "biosieve_example_dataset_1000.csv",
  "outdir": "runs/split_distanceaware_kfold",
  "strategy": "distance_aware_kfold",
  "strategy_params": {
    "feature_mode": "embeddings",
    "metric": "cosine",
    "n_splits": 5,
    "seed": 13,
    "shuffle_ties": true,
    "val_size": 0.1,
    "embeddings_path": "embeddings.npy",
    "ids_path": "embedding_ids.csv"
  },
  "kfold": true,
  "n_folds": 5,
  "folds": [
    {
      "fold_index": 0,
      "split_params": {
        "feature_mode": "embeddings",
        "metric": "cosine",
        "n_splits": 5,
        "seed": 13,
        "shuffle_ties": true,
        "val_size": 0.1,
        "embeddings_path": "embeddings.npy",
        "ids_path": "embedding_ids.csv",
        "n_features": 320,
        "fold_index": 0
      },
      "stats": {
        "fold_index": 0,
        "n_total": 1000,
        "n_used": 1000,
        "n_train": 720,
        "n_test": 200,
        "n_val": 80,
        "metric": "cosine",
        "distance_stats_global": {
          "n": 1000,
          "min": 0.003867048340842061,
          "max": 0.0892988274986053,
          "mean": 0.019809065685573814,
          "std": 0.010941649798771307,
          "median": 0.01611355484880289,
          "q25": 0.012256610728693718,
          "q75": 0.025067738050831206
        },
        "distance_stats_train": {
          "n": 800,
          "min": 0.003867048340842061,
          "max": 0.027093673999892376,
          "mean": 0.015365805885805363,
          "std": 0.005063652294809619,
          "median": 0.014597102253530003,
          "q25": 0.011551676987746867,
          "q75": 0.01896972987893722
        },
        "distance_stats_test": {
          "n": 200,
          "min": 0.027098114861697775,
          "max": 0.0892988274986053,
          "mean": 0.03758210488464761,
          "std": 0.01006085277414419,
          "median": 0.03507302546255864,
          "q25": 0.030004165942610767,
          "q75": 0.04235571417086348
        },
        "distance_stats_val": null,
        "note_val_distances": "val distances not computed in v0.1 (requires index tracking)."
      }
    },
    {
      "fold_index": 1,
      "split_params": {
        "feature_mode": "embeddings",
        "metric": "cosine",
        "n_splits": 5,
        "seed": 13,
        "shuffle_ties": true,
        "val_size": 0.1,
        "embeddings_path": "embeddings.npy",
        "ids_path": "embedding_ids.csv",
        "n_features": 320,
        "fold_index": 1
      },
      "stats": {
        "fold_index": 1,
        "n_total": 1000,
        "n_used": 1000,
        "n_train": 720,
        "n_test": 200,
        "n_val": 80,
        "metric": "cosine",
        "distance_stats_global": {
          "n": 1000,
          "min": 0.003867048340842061,
          "max": 0.0892988274986053,
          "mean": 0.019809065685573814,
          "std": 0.010941649798771307,
          "median": 0.01611355484880289,
          "q25": 0.012256610728693718,
          "q75": 0.025067738050831206
        },
        "distance_stats_train": {
          "n": 800,
          "min": 0.003867048340842061,
          "max": 0.0892988274986053,
          "mean": 0.01912025965327158,
          "std": 0.01207066764460302,
          "median": 0.014597102253530003,
          "q25": 0.011551676987746867,
          "q75": 0.020999044111559673
        },
        "distance_stats_test": {
          "n": 200,
          "min": 0.01898085793120796,
          "max": 0.027093673999892376,
          "mean": 0.022564289814782736,
          "std": 0.0025431479783357496,
          "median": 0.02221109670290533,
          "q25": 0.02020824167436641,
          "q75": 0.025067738050831206
        },
        "distance_stats_val": null,
        "note_val_distances": "val distances not computed in v0.1 (requires index tracking)."
      }
    },
    {
      "fold_index": 2,
      "split_params": {
        "feature_mode": "embeddings",
        "metric": "cosine",
        "n_splits": 5,
        "seed": 13,
        "shuffle_ties": true,
        "val_size": 0.1,
        "embeddings_path": "embeddings.npy",
        "ids_path": "embedding_ids.csv",
        "n_features": 320,
        "fold_index": 2
      },
      "stats": {
        "fold_index": 2,
        "n_total": 1000,
        "n_used": 1000,
        "n_train": 720,
        "n_test": 200,
        "n_val": 80,
        "metric": "cosine",
        "distance_stats_global": {
          "n": 1000,
          "min": 0.003867048340842061,
          "max": 0.0892988274986053,
          "mean": 0.019809065685573814,
          "std": 0.010941649798771307,
          "median": 0.01611355484880289,
          "q25": 0.012256610728693718,
          "q75": 0.025067738050831206
        },
        "distance_stats_train": {
          "n": 800,
          "min": 0.003867048340842061,
          "max": 0.0892988274986053,
          "mean": 0.020688889845661276,
          "std": 0.01205971679579935,
          "median": 0.016787212374129445,
          "q25": 0.011551676987746867,
          "q75": 0.027094784215343726
        },
        "distance_stats_test": {
          "n": 200,
          "min": 0.014600637690009077,
          "max": 0.018966020528180305,
          "mean": 0.016289769045223963,
          "std": 0.0012270809854500056,
          "median": 0.01611355484880289,
          "q25": 0.015136210048848908,
          "q75": 0.017335160775848624
        },
        "distance_stats_val": null,
        "note_val_distances": "val distances not computed in v0.1 (requires index tracking)."
      }
    },
    {
      "fold_index": 3,
      "split_params": {
        "feature_mode": "embeddings",
        "metric": "cosine",
        "n_splits": 5,
        "seed": 13,
        "shuffle_ties": true,
        "val_size": 0.1,
        "embeddings_path": "embeddings.npy",
        "ids_path": "embedding_ids.csv",
        "n_features": 320,
        "fold_index": 3
      },
      "stats": {
        "fold_index": 3,
        "n_total": 1000,
        "n_used": 1000,
        "n_train": 720,
        "n_test": 200,
        "n_val": 80,
        "metric": "cosine",
        "distance_stats_global": {
          "n": 1000,
          "min": 0.003867048340842061,
          "max": 0.0892988274986053,
          "mean": 0.019809065685573814,
          "std": 0.010941649798771307,
          "median": 0.01611355484880289,
          "q25": 0.012256610728693718,
          "q75": 0.025067738050831206
        },
        "distance_stats_train": {
          "n": 800,
          "min": 0.003867048340842061,
          "max": 0.0892988274986053,
          "mean": 0.02150006366601502,
          "std": 0.01162593045654639,
          "median": 0.018973439229694133,
          "q25": 0.01383755009908566,
          "q75": 0.027094784215343726
        },
        "distance_stats_test": {
          "n": 200,
          "min": 0.011552806874890686,
          "max": 0.01459356681705093,
          "mean": 0.013045073763808987,
          "std": 0.0009172797171688803,
          "median": 0.013070946126963912,
          "q25": 0.012256610728693718,
          "q75": 0.013872056321131476
        },
        "distance_stats_val": null,
        "note_val_distances": "val distances not computed in v0.1 (requires index tracking)."
      }
    },
    {
      "fold_index": 4,
      "split_params": {
        "feature_mode": "embeddings",
        "metric": "cosine",
        "n_splits": 5,
        "seed": 13,
        "shuffle_ties": true,
        "val_size": 0.1,
        "embeddings_path": "embeddings.npy",
        "ids_path": "embedding_ids.csv",
        "n_features": 320,
        "fold_index": 4
      },
      "stats": {
        "fold_index": 4,
        "n_total": 1000,
        "n_used": 1000,
        "n_train": 720,
        "n_test": 200,
        "n_val": 80,
        "metric": "cosine",
        "distance_stats_global": {
          "n": 1000,
          "min": 0.003867048340842061,