{
  "schema_version": "0.1",
  "timestamp": "2026-02-07T08:26:38.075618Z",
  "in_path": "biosieve_example_dataset_1000.csv",
  "outdir": "runs/split_distanceaware_kfold",
  "strategy": "distance_aware_kfold",
  "strategy_params": {
    "feature_mode": "embeddings",
    "metric": "cosine",
    "n_splits": 5,
    "seed": 13,
    "shuffle_ties": true,
    "val_size": 0.1,
    "embeddings_path": "embeddings.npy",
    "ids_path": "embedding_ids.csv"
  },
  "kfold": true,
  "n_folds": 5,
  "folds": [
    {
      "fold_index": 0,
      "split_params": {
        "feature_mode": "embeddings",
        "metric": "cosine",
        "n_splits": 5,
        "seed": 13,
        "shuffle_ties": true,
        "val_size": 0.1,
        "drop_internal_index": true,
        "embeddings_path": "embeddings.npy",
        "ids_path": "embedding_ids.csv",
        "n_features": 320,
        "fold_index": 0
      },
      "stats": {
        "fold_index": 0,
        "n_total": 1000,
        "n_used": 1000,
        "n_train": 720,
        "n_test": 200,
        "n_val": 80,
        "metric": "cosine",
        "distance_stats_global": {
          "n": 1000,
          "min": 0.003867048340842061,
          "max": 0.0892988274986053,
          "mean": 0.019809065685573814,
          "std": 0.010941649798771307,
          "median": 0.01611355484880289,
          "q25": 0.012256610728693718,
          "q75": 0.025067738050831206
        },
        "distance_stats_train": {
          "n": 720,
          "min": 0.003867048340842061,
          "max": 0.027093673999892376,
          "mean": 0.01532122552607129,
          "std": 0.005061099722358168,
          "median": 0.014540332849254378,
          "q25": 0.01159767518201718,
          "q75": 0.018839136770746473
        },
        "distance_stats_test": {
          "n": 200,
          "min": 0.027098114861697775,
          "max": 0.0892988274986053,
          "mean": 0.03758210488464761,
          "std": 0.01006085277414419,
          "median": 0.03507302546255864,
          "q25": 0.030004165942610767,
          "q75": 0.04235571417086348
        },
        "distance_stats_val": {
          "n": 80,
          "min": 0.006755356361966114,
          "max": 0.02629693580540171,
          "mean": 0.01576702912341203,
          "std": 0.005100904086231504,
          "median": 0.01505197710336792,
          "q25": 0.011540643371468429,
          "q75": 0.020239575562954998
        }
      }
    },
    {
      "fold_index": 1,
      "split_params": {
        "feature_mode": "embeddings",
        "metric": "cosine",
        "n_splits": 5,
        "seed": 13,
        "shuffle_ties": true,
        "val_size": 0.1,
        "drop_internal_index": true,
        "embeddings_path": "embeddings.npy",
        "ids_path": "embedding_ids.csv",
        "n_features": 320,
        "fold_index": 1
      },
      "stats": {
        "fold_index": 1,
        "n_total": 1000,
        "n_used": 1000,
        "n_train": 720,
        "n_test": 200,
        "n_val": 80,
        "metric": "cosine",
        "distance_stats_global": {
          "n": 1000,
          "min": 0.003867048340842061,
          "max": 0.0892988274986053,
          "mean": 0.019809065685573814,
          "std": 0.010941649798771307,
          "median": 0.01611355484880289,
          "q25": 0.012256610728693718,
          "q75": 0.025067738050831206
        },
        "distance_stats_train": {
          "n": 720,
          "min": 0.00583781043254894,
          "max": 0.07978868382432291,
          "mean": 0.019166985969791755,
          "std": 0.011947280065217326,
          "median": 0.014629949152828503,
          "q25": 0.011667034153995642,
          "q75": 0.020999044111559673
        },
        "distance_stats_test": {
          "n": 200,
          "min": 0.01898085793120796,
          "max": 0.027093673999892376,
          "mean": 0.022564289814782736,
          "std": 0.0025431479783357496,
          "median": 0.02221109670290533,
          "q25": 0.02020824167436641,
          "q75": 0.025067738050831206
        },
        "distance_stats_val": {
          "n": 80,
          "min": 0.003867048340842061,
          "max": 0.0892988274986053,
          "mean": 0.018699722804590008,
          "std": 0.013202957855009334,
          "median": 0.014189140836573577,
          "q25": 0.010933271789926924,
          "q75": 0.020919039982042198
        }
      }
    },
    {
      "fold_index": 2,
      "split_params": {
        "feature_mode": "embeddings",
        "metric": "cosine",
        "n_splits": 5,
        "seed": 13,
        "shuffle_ties": true,
        "val_size": 0.1,
        "drop_internal_index": true,
        "embeddings_path": "embeddings.npy",
        "ids_path": "embedding_ids.csv",
        "n_features": 320,
        "fold_index": 2
      },
      "stats": {
        "fold_index": 2,
        "n_total": 1000,
        "n_used": 1000,
        "n_train": 720,
        "n_test": 200,
        "n_val": 80,
        "metric": "cosine",
        "distance_stats_global": {
          "n": 1000,
          "min": 0.003867048340842061,
          "max": 0.0892988274986053,
          "mean": 0.019809065685573814,
          "std": 0.010941649798771307,
          "median": 0.01611355484880289,
          "q25": 0.012256610728693718,
          "q75": 0.025067738050831206
        },
        "distance_stats_train": {
          "n": 720,
          "min": 0.003867048340842061,
          "max": 0.0892988274986053,
          "mean": 0.020689427128316267,
          "std": 0.012138218779555728,
          "median": 0.01457831992665476,
          "q25": 0.011551676987746867,
          "q75": 0.027094784215343726
        },
        "distance_stats_test": {
          "n": 200,
          "min": 0.014600637690009077,
          "max": 0.018966020528180305,
          "mean": 0.016289769045223963,
          "std": 0.0012270809854500056,
          "median": 0.01611355484880289,
          "q25": 0.015136210048848908,
          "q75": 0.017335160775848624
        },
        "distance_stats_val": {
          "n": 80,
          "min": 0.0063860692976155375,
          "max": 0.05180247312540687,
          "mean": 0.020684054301766334,
          "std": 0.01140127527974175,
          "median": 0.019964916613676442,
          "q25": 0.011511608743069418,
          "q75": 0.026945755864996562
        }
      }
    },
    {
      "fold_index": 3,
      "split_params": {
        "feature_mode": "embeddings",
        "metric": "cosine",
        "n_splits": 5,
        "seed": 13,
        "shuffle_ties": true,
        "val_size": 0.1,
        "drop_internal_index": true,
        "embeddings_path": "embeddings.npy",
        "ids_path": "embedding_ids.csv",
        "n_features": 320,
        "fold_index": 3
      },
      "stats": {
        "fold_index": 3,
        "n_total": 1000,
        "n_used": 1000,
        "n_train": 720,
        "n_test": 200,
        "n_val": 80,
        "metric": "cosine",
        "distance_stats_global": {
          "n": 1000,
          "min": 0.003867048340842061,
          "max": 0.0892988274986053,
          "mean": 0.019809065685573814,
          "std": 0.010941649798771307,
          "median": 0.01611355484880289,
          "q25": 0.012256610728693718,
          "q75": 0.025067738050831206
        },
        "distance_stats_train": {
          "n": 720,
          "min": 0.003867048340842061,
          "max": 0.0892988274986053,
          "mean": 0.021211126724479293,
          "std": 0.011277723498733348,
          "median": 0.018769341379641702,
          "q25": 0.011540643371468429,
          "q75": 0.026853607520949896
        },
        "distance_stats_test": {
          "n": 200,
          "min": 0.011552806874890686,
          "max": 0.01459356681705093,
          "mean": 0.013045073763808987,
          "std": 0.0009172797171688803,
          "median": 0.013070946126963912,
          "q25": 0.012256610728693718,
          "q75": 0.013872056321131476
        },